date,website_traffic,conversion_rate,average_order_value,ad_spend,refund_rate,orders,revenue,new_customers,returning_customers,customer_acquisition_cost,gross_profit,profit_margin,revenue_growth_dod,orders_growth_dod,traffic_growth_dod,revenue_7d_avg,conversion_7d_avg
2023-01-01,4299,0.0242,75.98,995.96,0.0293,104,7901.84,73,31,13.64,4741.1,0.6,0.0,0.0,0.0,0.0,0.0
2023-01-02,4976,0.0254,70.11,1004.76,0.0239,126,8833.63,89,37,11.29,5300.18,0.6,0.1179206362062506,0.21153846153846145,0.15747848336822523,0.0,0.0
2023-01-03,5137,0.025,77.04,901.74,0.029,128,9861.28,91,37,9.91,5916.77,0.6,0.11633382878839171,0.015873015873015817,0.032355305466237994,0.0,0.0
2023-01-04,5316,0.0252,66.49,1048.29,0.0257,133,8842.78,97,36,10.81,5305.67,0.6,-0.10328273814352695,0.0390625,0.03484524041269221,0.0,0.0
2023-01-05,4969,0.0235,80.15,1020.62,0.0271,116,9296.91,79,37,12.92,5578.15,0.6,0.05135602152264318,-0.1278195488721805,-0.06527464258841231,0.0,0.0
2023-01-06,4973,0.025,77.36,1054.02,0.0329,124,9593.01,84,40,12.55,5755.81,0.6,0.03184929186148944,0.06896551724137923,0.000804990943851891,0.0,0.0
2023-01-07,4540,0.026,76.28,860.13,0.0383,118,9001.06,80,38,10.75,5400.63,0.6,-0.06170638829731234,-0.048387096774193505,-0.08707017896641867,9047.215714285714,0.024900000000000002
2023-01-08,4382,0.0279,79.91,1110.19,0.032,122,9749.44,84,38,13.22,5849.66,0.6,0.08314354087185305,0.03389830508474567,-0.03480176211453745,9311.158571428572,0.02542857142857143
2023-01-09,4939,0.0269,83.33,999.61,0.024,132,10999.21,96,36,10.41,6599.53,0.6,0.12818890110611458,0.08196721311475419,0.12711090826106797,9620.527142857143,0.02564285714285714
2023-01-10,5145,0.0293,80.07,1062.83,0.0322,150,12010.78,106,44,10.03,7206.47,0.6,0.09196751403055314,0.13636363636363646,0.04170884794492813,9927.598571428573,0.026257142857142857
2023-01-11,4948,0.0235,65.8,956.25,0.036,116,7632.29,82,34,11.66,4579.38,0.6,-0.36454668223046305,-0.22666666666666668,-0.03828960155490768,9754.671428571428,0.026014285714285715
2023-01-12,4952,0.0267,68.6,1039.7,0.027,132,9055.48,87,45,11.95,5433.29,0.6,0.1864695916952841,0.13793103448275867,0.0008084074373484462,9720.181428571426,0.026471428571428573
2023-01-13,5097,0.0254,71.88,957.22,0.0293,129,9271.99,88,41,10.88,5563.2,0.6,0.023909279243066184,-0.022727272727272707,0.029281098546042106,9674.32142857143,0.026528571428571426
2023-01-14,3870,0.0294,75.13,979.53,0.0301,113,8489.74,74,39,13.24,5093.84,0.6,-0.08436700212144321,-0.12403100775193798,-0.24072984108299,9601.275714285714,0.027014285714285713
2023-01-15,3912,0.0234,77.59,1107.24,0.0261,91,7060.53,65,26,17.03,4236.32,0.6,-0.16834555592986356,-0.19469026548672563,0.010852713178294504,9217.145714285714,0.026371428571428573
2023-01-16,4949,0.0233,71.37,1002.83,0.0332,115,8207.7,84,31,11.94,4924.62,0.6,0.1624764713130602,0.2637362637362637,0.265081799591002,8818.358571428571,0.025857142857142856
2023-01-17,4863,0.0238,75.93,1024.06,0.0294,115,8732.39,82,33,12.49,5239.43,0.6,0.06392655676986236,0.0,-0.017377247928874517,8350.017142857143,0.025071428571428574
2023-01-18,5132,0.0208,71.22,1057.51,0.0321,106,7549.65,72,34,14.69,4529.79,0.6,-0.13544287417305,-0.07826086956521738,0.055315648776475435,8338.211428571429,0.024685714285714283
2023-01-19,4892,0.0239,71.94,1039.62,0.0256,117,8417.26,85,32,12.23,5050.36,0.6,0.1149205592312228,0.10377358490566047,-0.046765393608729555,8247.037142857142,0.024285714285714282
2023-01-20,4795,0.0235,67.97,1023.18,0.0278,112,7612.27,77,35,13.29,4567.36,0.6,-0.09563563439884237,-0.042735042735042694,-0.019828291087489736,8009.934285714286,0.024014285714285717
2023-01-21,4575,0.0253,70.38,1034.73,0.0336,115,8094.14,77,38,13.44,4856.48,0.6,0.0633017483615268,0.02678571428571419,-0.04588112617309703,7953.42,0.02342857142857143
2023-01-22,4241,0.0257,68.24,1137.48,0.0281,108,7370.09,73,35,15.58,4422.05,0.6,-0.0894536047066149,-0.060869565217391286,-0.0730054644808743,7997.642857142857,0.02375714285714286
2023-01-23,5104,0.0288,70.12,1015.25,0.0386,146,10237.61,100,46,10.15,6142.57,0.6,0.3890753030152956,0.35185185185185186,0.203489742985145,8287.630000000001,0.024542857142857144
2023-01-24,4809,0.0269,80.27,1029.01,0.028,129,10354.6,90,39,11.43,6212.76,0.6,0.011427471841572334,-0.11643835616438358,-0.05779780564263326,8519.374285714286,0.024985714285714285
2023-01-25,4990,0.0238,70.25,1072.31,0.0311,118,8289.85,82,36,13.08,4973.91,0.6,-0.19940412956560372,-0.0852713178294574,0.03763776252859219,8625.117142857143,0.025414285714285716
2023-01-26,5125,0.0232,88.16,1075.88,0.0347,118,10403.11,79,39,13.62,6241.86,0.6,0.2549213797595855,0.0,0.027054108216432837,8908.81,0.025314285714285713
2023-01-27,4876,0.026,77.47,1080.78,0.0229,126,9760.79,91,35,11.88,5856.47,0.6,-0.06174307490740749,0.06779661016949157,-0.04858536585365858,9215.74142857143,0.025671428571428574
2023-01-28,4386,0.0224,75.92,1054.19,0.0212,98,7440.57,68,30,15.5,4464.34,0.6,-0.23770821828970823,-0.2222222222222222,-0.10049220672682524,9122.374285714286,0.025257142857142856
2023-01-29,4195,0.0287,70.71,965.93,0.0224,120,8484.99,82,38,11.78,5090.99,0.6,0.1403682782367479,0.22448979591836737,-0.04354765161878704,9281.645714285714,0.025685714285714284
2023-01-30,5061,0.0274,78.5,1105.57,0.0363,138,10833.21,99,39,11.17,6499.93,0.6,0.2767498842072884,0.1499999999999999,0.20643623361144225,9366.73142857143,0.025485714285714285
2023-01-31,5003,0.0241,72.12,967.41,0.0272,120,8654.62,81,39,11.94,5192.77,0.6,-0.20110290486383986,-0.13043478260869568,-0.011460185734044614,9123.877142857144,0.025085714285714288
2023-02-01,5498,0.0216,75.61,1040.68,0.0428,118,8921.99,78,40,13.34,5353.19,0.6,0.030893326338995664,-0.01666666666666672,0.09894063561862887,9214.182857142858,0.024771428571428573
2023-02-02,5129,0.0277,87.8,988.66,0.0272,142,12467.66,103,39,9.6,7480.6,0.6,0.3974079773682777,0.20338983050847448,-0.0671153146598763,9509.118571428571,0.025414285714285716
2023-02-03,4924,0.0248,74.52,1023.99,0.0309,121,9016.88,89,32,11.51,5410.13,0.6,-0.27677848128678517,-0.147887323943662,-0.03996880483525056,9402.845714285713,0.025242857142857143
2023-02-04,4504,0.0275,80.75,1044.46,0.0377,123,9931.8,84,39,12.43,5959.08,0.6,0.10146746990089706,0.016528925619834656,-0.08529650690495527,9758.735714285713,0.025971428571428572
2023-02-05,4100,0.0218,71.48,1044.91,0.04,89,6362.09,62,27,16.85,3817.25,0.6,-0.3594222598119172,-0.2764227642276422,-0.08969804618117228,9455.464285714286,0.024985714285714285
2023-02-06,5190,0.0238,74.83,1050.77,0.0403,123,9203.48,83,40,12.66,5522.09,0.6,0.44661266973588853,0.3820224719101124,0.2658536585365854,9222.645714285714,0.02447142857142857
2023-02-07,4760,0.025,83.85,1111.18,0.036,119,9978.63,83,36,13.39,5987.18,0.6,0.0842235762993997,-0.03252032520325199,-0.08285163776493254,9411.789999999999,0.0246
2023-02-08,4890,0.0251,71.87,1054.0,0.0351,122,8767.55,84,38,12.55,5260.53,0.6,-0.1213673620527066,0.025210084033613356,0.027310924369747802,9389.727142857142,0.025100000000000004
2023-02-09,5200,0.0241,84.06,1019.94,0.033,125,10507.78,87,38,11.72,6304.67,0.6,0.19848532372213468,0.024590163934426146,0.0633946830265848,9109.744285714285,0.024585714285714287
2023-02-10,5312,0.0262,78.54,1081.17,0.0339,139,10916.89,98,41,11.03,6550.13,0.6,0.038934008896265304,0.1120000000000001,0.021538461538461506,9381.174285714285,0.024785714285714282
2023-02-11,4403,0.0229,72.19,1093.26,0.0272,100,7218.77,67,33,16.32,4331.26,0.6,-0.33875215377273193,-0.28057553956834536,-0.17112198795180722,8993.59857142857,0.024128571428571426
2023-02-12,4349,0.0247,78.16,973.23,0.0259,107,8363.34,74,33,13.15,5018.0,0.6,0.15855471222936868,0.07000000000000006,-0.012264365205541639,9279.49142857143,0.024542857142857144
2023-02-13,5116,0.0252,79.86,1065.31,0.03,129,10302.3,85,44,12.53,6181.38,0.6,0.23184038912683191,0.20560747663551404,0.17636238215681765,9436.465714285716,0.024742857142857143
2023-02-14,4885,0.026,78.11,1071.32,0.0291,127,9919.85,87,40,12.31,5951.91,0.6,-0.037122778408704704,-0.015503875968992276,-0.045152462861610676,9428.06857142857,0.024885714285714285
2023-02-15,5041,0.0264,67.15,1022.21,0.0277,133,8930.8,92,41,11.11,5358.48,0.6,-0.09970412859065425,0.04724409448818889,0.03193449334698051,9451.39,0.02507142857142857
2023-02-16,5097,0.0228,71.36,1106.7,0.0335,115,8206.9,81,34,13.66,4924.14,0.6,-0.08105656828055718,-0.13533834586466165,0.01110890696290423,9122.692857142858,0.02488571428571429
2023-02-17,5405,0.0219,73.76,1031.23,0.0348,118,8703.96,83,35,12.42,5222.38,0.6,0.06056610900583648,0.026086956521739202,0.06042770257013941,8806.56,0.024271428571428572
2023-02-18,4466,0.0276,74.63,1045.84,0.0304,123,9179.22,88,35,11.88,5507.53,0.6,0.05460273254932235,0.04237288135593231,-0.1737280296022201,9086.624285714284,0.024942857142857145
2023-02-19,4049,0.0257,78.1,1031.73,0.0374,103,8044.65,68,35,15.17,4826.79,0.6,-0.12360200539915156,-0.16260162601626016,-0.093372145096283,9041.097142857143,0.025085714285714288
2023-02-20,5270,0.0235,75.89,1041.99,0.0243,123,9334.29,82,41,12.71,5600.57,0.6,0.1603102683149673,0.1941747572815533,0.30155593973820705,8902.81,0.024842857142857142
2023-02-21,5133,0.0281,68.32,987.22,0.029,144,9838.55,102,42,9.68,5903.13,0.6,0.054022319855071776,0.1707317073170731,-0.025996204933586342,8891.195714285714,0.025142857142857144
2023-02-22,5078,0.0252,76.9,970.85,0.0264,128,9843.33,84,44,11.56,5906.0,0.6,0.00048584395058215435,-0.11111111111111116,-0.010714981492304654,9021.557142857142,0.02497142857142857
2023-02-23,5340,0.0274,78.05,1123.41,0.0207,146,11395.73,102,44,11.01,6837.44,0.6,0.15771085598064882,0.140625,0.051595116187475476,9477.104285714286,0.025628571428571428
2023-02-24,5428,0.0251,77.8,1002.16,0.0296,136,10580.66,91,45,11.01,6348.39,0.6,-0.07152415861028649,-0.06849315068493156,0.016479400749063622,9745.204285714284,0.02608571428571429
2023-02-25,4612,0.0291,80.4,995.76,0.0294,134,10774.12,98,36,10.16,6464.47,0.6,0.018284303625671905,-0.014705882352941124,-0.15033161385408988,9973.047142857144,0.026299999999999997
2023-02-26,4262,0.0285,79.17,938.48,0.0376,121,9579.52,85,36,11.04,5747.71,0.6,-0.11087680478776929,-0.09701492537313428,-0.0758889852558543,10192.314285714285,0.0267
2023-02-27,5173,0.0245,77.3,1015.03,0.0332,126,9739.28,87,39,11.67,5843.57,0.6,0.016677244788882994,0.04132231404958686,0.21374941342092924,10250.17,0.026842857142857144
2023-02-28,5305,0.0269,74.65,981.65,0.0249,142,10600.18,102,40,9.62,6360.11,0.6,0.0883946246539784,0.12698412698412698,0.025517108061086313,10358.974285714285,0.02667142857142857
2023-03-01,5438,0.0263,66.7,1130.73,0.0393,142,9470.72,96,46,11.78,5682.43,0.6,-0.10655102083172185,0.0,0.025070688030160326,10305.744285714287,0.026828571428571427
2023-03-02,5151,0.0277,77.15,1099.94,0.0361,142,10955.03,96,46,11.46,6573.02,0.6,0.1567262045546698,0.0,-0.052776756160353044,10242.787142857142,0.026871428571428574
2023-03-03,5214,0.0231,76.04,1015.87,0.0329,120,9124.61,80,40,12.7,5474.77,0.6,-0.16708489159774098,-0.15492957746478875,0.012230634828188647,10034.78,0.026585714285714285
2023-03-04,4234,0.0264,76.36,1163.72,0.0289,111,8475.73,75,36,15.52,5085.44,0.6,-0.0711131763439754,-0.07499999999999996,-0.18795550441120057,9706.438571428573,0.026199999999999998
2023-03-05,4220,0.0271,68.62,1101.01,0.0252,114,7822.25,79,35,13.94,4693.35,0.6,-0.07710014358645212,0.027027027027026973,-0.003306565895134672,9455.4,0.026
2023-03-06,5426,0.0215,69.59,1036.51,0.0281,116,8072.99,82,34,12.64,4843.79,0.6,0.03205471571478791,0.01754385964912286,0.285781990521327,9217.358571428571,0.02557142857142857
2023-03-07,5539,0.0226,80.27,928.6,0.0354,125,10033.22,89,36,10.43,6019.93,0.6,0.24281338141134823,0.07758620689655182,0.02082565425727978,9136.364285714286,0.024957142857142855
2023-03-08,5257,0.0209,74.8,1168.94,0.0394,109,8153.44,72,37,16.24,4892.07,0.6,-0.1873556046812489,-0.128,-0.05091171691641094,8948.18142857143,0.024185714285714286
2023-03-09,5476,0.0245,78.41,985.74,0.0377,133,10428.2,92,41,10.71,6256.92,0.6,0.27899389705449495,0.22018348623853212,0.04165874072665021,8872.92,0.02372857142857143
2023-03-10,11087,0.0128,75.14,973.77,0.0276,141,10594.96,95,46,10.25,6356.98,0.6,0.015991254483036288,0.06015037593984962,1.0246530314097884,9082.97,0.02225714285714286
2023-03-11,8470,0.0118,75.15,1108.0,0.0244,100,7514.88,69,31,16.06,4508.93,0.6,-0.29071181014369085,-0.2907801418439716,-0.23604221159917016,8945.705714285714,0.02017142857142857
2023-03-12,9292,0.0119,79.69,1179.68,0.0307,110,8766.06,82,28,14.39,5259.63,0.6,0.16649367654573322,0.10000000000000009,0.09704840613931531,9080.535714285714,0.018
2023-03-13,10103,0.0126,72.42,1127.73,0.0212,126,9124.89,88,38,12.82,5474.94,0.6,0.040934011403070514,0.1454545454545455,0.08727938011192427,9230.807142857142,0.01672857142857143
2023-03-14,10867,0.0072,75.48,1087.54,0.0316,78,5887.49,56,22,19.42,3532.49,0.6,-0.3547878385383275,-0.38095238095238093,0.07562110264277933,8638.56,0.014528571428571429
2023-03-15,5613,0.0216,72.69,1089.9,0.0293,121,8795.32,89,32,12.25,5277.19,0.6,0.49389977732446266,0.5512820512820513,-0.48348210177601914,8730.257142857143,0.01462857142857143
2023-03-16,4780,0.0249,72.83,1103.66,0.0277,118,8593.65,85,33,12.98,5156.19,0.6,-0.022929239641081844,-0.024793388429752095,-0.14840548726171388,8468.17857142857,0.014685714285714286
2023-03-17,5473,0.0258,73.45,1099.76,0.022,141,10357.03,97,44,11.34,6214.22,0.6,0.20519569682265404,0.19491525423728806,0.144979079497908,8434.18857142857,0.016542857142857144
2023-03-18,4530,0.0249,76.11,1076.7,0.0326,112,8524.39,75,37,14.36,5114.64,0.6,-0.17694647983060796,-0.2056737588652482,-0.1723003837018089,8578.404285714285,0.018414285714285713
2023-03-19,4457,0.0209,72.61,1068.67,0.0273,93,6752.38,65,28,16.44,4051.43,0.6,-0.20787528491774776,-0.1696428571428571,-0.01611479028697571,8290.735714285714,0.0197
2023-03-20,5339,0.0248,81.28,1061.16,0.0242,132,10728.8,90,42,11.79,6437.28,0.6,0.5888916204360535,0.4193548387096775,0.19789095804352708,8519.865714285714,0.021442857142857145
2023-03-21,4928,0.0224,70.53,1027.41,0.0156,110,7757.97,73,37,14.07,4654.78,0.6,-0.27690235627469983,-0.16666666666666663,-0.07698070799775236,8787.077142857142,0.023614285714285716
2023-03-22,5285,0.0263,74.07,1051.9,0.0299,139,10295.12,97,42,10.84,6177.07,0.6,0.3270378720206446,0.26363636363636367,0.07244318181818188,9001.334285714285,0.024285714285714282
2023-03-23,5405,0.0257,72.8,982.11,0.0389,139,10119.39,98,41,10.02,6071.63,0.6,-0.017069252228240295,0.0,0.022705771050141932,9219.297142857144,0.0244
2023-03-24,5633,0.0231,82.23,1062.67,0.0383,130,10690.54,95,35,11.19,6414.32,0.6,0.05644114912064868,-0.06474820143884896,0.04218316373728026,9266.941428571428,0.02401428571428571
2023-03-25,4438,0.024,75.98,1018.98,0.0277,106,8054.17,73,33,13.96,4832.5,0.6,-0.24660774853281509,-0.18461538461538463,-0.21214273033907327,9199.767142857143,0.023885714285714288
2023-03-26,4384,0.0229,80.16,1014.05,0.027,100,8015.92,70,30,14.49,4809.55,0.6,-0.004749092706014424,-0.05660377358490565,-0.012167643082469537,9380.272857142858,0.024171428571428573
2023-03-27,5249,0.0249,67.57,1079.05,0.0323,130,8784.39,89,41,12.12,5270.63,0.6,0.09586797273425884,0.30000000000000004,0.197308394160584,9102.5,0.024185714285714283
2023-03-28,5537,0.0269,76.34,1140.48,0.025,149,11373.95,106,43,10.76,6824.37,0.6,0.2947911010326274,0.14615384615384608,0.0548675938273957,9619.06857142857,0.024828571428571426
2023-03-29,5424,0.023,79.45,1117.62,0.0315,124,9851.57,86,38,13.0,5910.94,0.6,-0.13384795959187445,-0.16778523489932884,-0.020408163265306145,9555.704285714286,0.024357142857142855
2023-03-30,5256,0.026,75.41,994.0,0.0338,136,10255.95,92,44,10.8,6153.57,0.6,0.04104726454768137,0.09677419354838701,-0.030973451327433676,9575.212857142858,0.0244
2023-03-31,5469,0.0239,80.33,1023.87,0.0361,130,10442.56,90,40,11.38,6265.54,0.6,0.01819529151370647,-0.044117647058823484,0.040525114155251174,9539.787142857142,0.02451428571428571
2023-04-01,4590,0.0234,72.41,1121.21,0.0295,107,7748.25,75,32,14.95,4648.95,0.6,-0.2580124030888977,-0.17692307692307696,-0.16072408118486015,9496.084285714285,0.024428571428571428
2023-04-02,4768,0.0248,82.05,1025.88,0.029,118,9681.51,83,35,12.36,5808.91,0.6,0.2495092440228439,0.10280373831775691,0.03877995642701526,9734.025714285714,0.0247
2023-04-03,5238,0.0229,86.49,1064.59,0.0256,120,10379.34,86,34,12.38,6227.6,0.6,0.07207863236210055,0.016949152542372836,0.0985738255033557,9961.875714285716,0.024414285714285715
2023-04-04,5317,0.0239,73.19,1104.15,0.0259,127,9294.6,85,42,12.99,5576.76,0.6,-0.10450953528837092,0.05833333333333335,0.015082092401680125,9664.825714285715,0.023985714285714284
2023-04-05,5308,0.0226,72.77,1029.06,0.0289,120,8732.7,81,39,12.7,5239.62,0.6,-0.06045445742689304,-0.055118110236220486,-0.001692683844273124,9504.987142857144,0.02392857142857143
2023-04-06,5098,0.0289,82.27,1083.57,0.0318,147,12093.24,104,43,10.42,7255.94,0.6,0.3848225634683431,0.2250000000000001,-0.03956292388847027,9767.457142857142,0.024342857142857145
2023-04-07,5454,0.0251,82.9,1012.42,0.0346,136,11274.11,93,43,10.89,6764.47,0.6,-0.06773453598870105,-0.07482993197278909,0.0698313063946645,9886.25,0.024514285714285714
2023-04-08,4651,0.0236,72.39,1049.88,0.026,109,7890.04,76,33,13.81,4734.02,0.6,-0.3001629396910267,-0.19852941176470584,-0.1472313898056472,9906.505714285715,0.024542857142857144
2023-04-09,4604,0.0254,72.9,1096.76,0.0375,117,8529.19,76,41,14.43,5117.51,0.6,0.08100719387987909,0.07339449541284404,-0.010105353687379082,9741.888571428572,0.024628571428571427
2023-04-10,5361,0.0248,73.59,1001.94,0.0286,132,9714.02,99,33,10.12,5828.41,0.6,0.13891471523087184,0.1282051282051282,0.16442224152910523,9646.842857142858,0.024900000000000002
2023-04-11,5129,0.0246,68.28,1104.44,0.0299,125,8534.72,86,39,12.84,5120.83,0.6,-0.12140185010942961,-0.05303030303030298,-0.04327550830069016,9538.288571428571,0.025
2023-04-12,5332,0.0262,70.41,1082.26,0.0263,139,9786.54,100,39,10.82,5871.92,0.6,0.14667382175396515,0.1120000000000001,0.03957886527588217,9688.837142857143,0.025514285714285715
2023-04-13,5351,0.0265,69.98,1111.69,0.0179,141,9867.08,97,44,11.46,5920.25,0.6,0.008229670547506895,0.014388489208633004,0.003563390847711956,9370.814285714285,0.02517142857142857
2023-04-14,5263,0.0239,71.16,1096.09,0.0344,126,8966.29,89,37,12.32,5379.77,0.6,-0.09129245936994523,-0.1063829787234043,-0.016445524201083916,9041.125714285714,0.025
2023-04-15,4596,0.0238,74.83,1153.92,0.0337,109,8156.1,79,30,14.61,4893.66,0.6,-0.09035955785503258,-0.13492063492063489,-0.12673380201406037,9079.134285714286,0.025028571428571428
2023-04-16,4713,0.0244,76.17,1092.8,0.0286,115,8759.67,83,32,13.17,5255.8,0.6,0.07400228050171043,0.05504587155963292,0.025456919060052208,9112.06,0.024885714285714285
2023-04-17,5814,0.0204,82.75,1065.89,0.0303,118,9764.8,82,36,13.0,5858.88,0.6,0.11474519017268903,0.026086956521739202,0.23360916613621896,9119.314285714285,0.02425714285714286
2023-04-18,5475,0.022,70.01,1094.3,0.0326,120,8400.99,83,37,13.18,5040.59,0.6,-0.1396659429788628,0.016949152542372836,-0.058307533539731726,9100.210000000001,0.023885714285714284
2023-04-19,5496,0.0277,79.92,1116.18,0.0222,152,12148.09,109,43,10.24,7288.85,0.6,0.4460307654216944,0.2666666666666666,0.003835616438356171,9437.574285714287,0.0241
2023-04-20,5434,0.0283,73.93,1092.28,0.0274,153,11311.3,114,39,9.58,6786.78,0.6,-0.06888243337018418,0.006578947368421018,-0.011280931586608478,9643.891428571429,0.024357142857142855
2023-04-21,5069,0.0245,74.75,1092.69,0.034,124,9269.33,87,37,12.56,5561.6,0.6,-0.1805247849495637,-0.1895424836601307,-0.06716967243283034,9687.182857142858,0.024442857142857145
2023-04-22,4652,0.0262,78.37,1056.38,0.0237,121,9483.27,89,32,11.87,5689.96,0.6,0.023080416815454807,-0.024193548387096753,-0.08226474649832316,9876.778571428571,0.02478571428571429
2023-04-23,4673,0.0256,69.39,1059.16,0.0315,119,8256.98,82,37,12.92,4954.19,0.6,-0.1293108811622996,-0.016528925619834656,0.004514187446259754,9804.965714285716,0.024957142857142855
2023-04-24,5958,0.0312,76.91,1023.0,0.0232,185,14228.73,133,52,7.69,8537.24,0.6,0.7232365828668594,0.5546218487394958,0.2749839503530922,10442.67,0.0265
2023-04-25,5431,0.0272,75.83,1181.43,0.0323,147,11147.34,106,41,11.15,6688.41,0.6,-0.2165611407342749,-0.20540540540540542,-0.08845250083920775,10835.005714285715,0.027242857142857145
2023-04-26,5534,0.0247,77.46,1032.59,0.0298,136,10534.87,94,42,10.98,6320.92,0.6,-0.05494315235742331,-0.07482993197278909,0.018965199779046316,10604.545714285714,0.026814285714285714
2023-04-27,5471,0.0231,76.45,1060.96,0.0219,126,9632.18,86,40,12.34,5779.31,0.6,-0.08568591733927433,-0.07352941176470584,-0.011384170581857589,10364.671428571428,0.026071428571428572
2023-04-28,5248,0.0218,87.28,1060.51,0.0358,114,9949.52,82,32,12.93,5969.71,0.6,0.032945812889709325,-0.09523809523809523,-0.04076037287515999,10461.841428571428,0.025685714285714284
2023-04-29,4914,0.0254,71.81,1142.0,0.0263,124,8904.6,85,39,13.44,5342.76,0.6,-0.10502215182239949,0.08771929824561409,-0.06364329268292679,10379.174285714285,0.02557142857142857
2023-04-30,4840,0.0235,72.35,1083.33,0.0259,113,8174.99,77,36,14.07,4904.99,0.6,-0.08193630258518081,-0.08870967741935487,-0.01505901505901508,10367.461428571429,0.025271428571428573
2023-05-01,5652,0.0222,71.88,1161.29,0.031,125,8985.54,85,40,13.66,5391.32,0.6,0.09914996837916634,0.10619469026548667,0.16776859504132235,9618.434285714287,0.023985714285714284
2023-05-02,5316,0.0237,72.22,1066.05,0.0357,126,9100.05,86,40,12.4,5460.03,0.6,0.01274380838547251,0.008000000000000007,-0.05944798301486198,9325.964285714286,0.023485714285714283
2023-05-03,5783,0.0228,71.81,1114.5,0.0249,132,9479.32,94,38,11.86,5687.59,0.6,0.04167779297915941,0.04761904761904767,0.08784800601956366,9175.171428571428,0.023214285714285715
2023-05-04,5226,0.0284,80.95,1059.61,0.0303,148,11979.87,105,43,10.09,7187.92,0.6,0.2637900186933242,0.1212121212121211,-0.09631679059311771,9510.555714285714,0.02397142857142857
2023-05-05,5628,0.0268,82.1,1209.46,0.0321,150,12315.38,107,43,11.3,7389.23,0.6,0.028006146978222457,0.013513513513513598,0.07692307692307687,9848.535714285714,0.024685714285714287
2023-05-06,5153,0.025,72.15,1043.64,0.0335,128,9234.72,90,38,11.6,5540.83,0.6,-0.250147376694832,-0.1466666666666666,-0.0843994314143568,9895.695714285714,0.024628571428571427
2023-05-07,4521,0.028,70.84,1119.34,0.0309,126,8925.62,86,40,13.02,5355.37,0.6,-0.03347150752811112,-0.015625,-0.1226470017465554,10002.92857142857,0.025271428571428573
2023-05-08,5410,0.0252,77.36,1136.36,0.0282,136,10520.56,97,39,11.72,6312.34,0.6,0.17869234854273408,0.0793650793650793,0.19663791196637903,10222.217142857142,0.0257
2023-05-09,5547,0.0233,72.24,1126.18,0.0259,129,9318.82,93,36,12.11,5591.29,0.6,-0.11422775973902533,-0.05147058823529416,0.025323475046210797,10253.470000000001,0.025642857142857144
2023-05-10,5430,0.028,78.16,1097.05,0.0304,152,11881.03,108,44,10.16,7128.62,0.6,0.2749500473235882,0.17829457364341095,-0.02109248242293127,10596.57142857143,0.026385714285714287
2023-05-11,5225,0.0261,76.01,1100.65,0.0246,136,10337.99,96,40,11.47,6202.79,0.6,-0.12987426174330008,-0.10526315789473684,-0.03775322283609572,10362.017142857143,0.02605714285714286
2023-05-12,5553,0.0229,67.42,1110.16,0.0154,127,8562.5,86,41,12.91,5137.5,0.6,-0.17174421720276378,-0.06617647058823528,0.06277511961722482,9825.891428571429,0.0255
2023-05-13,4531,0.0246,82.74,1101.44,0.0322,111,9183.87,78,33,14.12,5510.32,0.6,0.07256875912408778,-0.12598425196850394,-0.18404466054385016,9818.627142857144,0.025442857142857146
2023-05-14,4842,0.0232,83.98,1157.81,0.0345,112,9405.69,76,36,15.23,5643.41,0.6,0.02415321645450108,0.009009009009008917,0.06863826969763842,9887.20857142857,0.02475714285714286
2023-05-15,5368,0.0222,71.94,1220.97,0.0182,119,8560.39,83,36,14.71,5136.23,0.6,-0.08987113119824286,0.0625,0.10863279636513834,9607.184285714287,0.02432857142857143
2023-05-16,5866,0.0269,73.06,1083.39,0.025,157,11470.65,104,53,10.42,6882.39,0.6,0.33996815565645955,0.31932773109243695,0.09277198211624449,9914.58857142857,0.024842857142857142
2023-05-17,5403,0.0288,76.43,1043.6,0.0331,155,11846.55,103,52,10.13,7107.93,0.6,0.03277059277373118,-0.01273885350318471,-0.07892942379815893,9909.662857142857,0.024957142857142855
2023-05-18,5500,0.0222,76.67,1108.5,0.0403,122,9354.02,84,38,13.2,5612.41,0.6,-0.21040134047465286,-0.2129032258064516,0.017952989080140647,9769.095714285713,0.0244
2023-05-19,5731,0.0261,78.29,1242.72,0.0301,149,11665.62,102,47,12.18,6999.37,0.6,0.24712369654971877,0.22131147540983598,0.04200000000000004,10212.39857142857,0.02485714285714286
2023-05-20,4526,0.0237,85.05,1074.38,0.0264,107,9100.46,75,32,14.33,5460.28,0.6,-0.2198905844695782,-0.2818791946308725,-0.21025998953062297,10200.482857142857,0.02472857142857143
2023-05-21,4822,0.024,74.12,1197.34,0.0291,115,8523.26,80,35,14.97,5113.95,0.6,-0.06342536531120391,0.07476635514018692,0.06539991162174097,10074.421428571428,0.024842857142857142
2023-05-22,5842,0.0238,71.01,1200.09,0.0369,139,9870.18,97,42,12.37,5922.11,0.6,0.15802873548384078,0.20869565217391295,0.21153048527581908,10261.534285714286,0.02507142857142857
2023-05-23,5263,0.0233,68.1,1089.35,0.0268,122,8308.62,86,36,12.67,4985.17,0.6,-0.15820988067086916,-0.12230215827338131,-0.09910989387196167,9809.815714285713,0.024557142857142857
2023-05-24,5626,0.0251,71.35,1146.31,0.026,141,10059.69,97,44,11.82,6035.82,0.6,0.21075341031362593,0.15573770491803285,0.06897206916207477,9554.550000000001,0.02402857142857143
2023-05-25,5645,0.0233,74.83,1200.1,0.0276,131,9803.3,91,40,13.19,5881.98,0.6,-0.025486868879657454,-0.07092198581560283,0.0033771773906861036,9618.732857142857,0.024185714285714286
2023-05-26,5753,0.0255,83.97,1100.55,0.0252,146,12260.03,106,40,10.38,7356.02,0.6,0.2506023481888753,0.11450381679389321,0.01913197519929133,9703.648571428572,0.0241
2023-05-27,4554,0.0249,72.41,1110.15,0.0306,113,8182.55,79,34,14.05,4909.53,0.6,-0.33258319922545054,-0.226027397260274,-0.20841300191204593,9572.518571428573,0.024271428571428572
2023-05-28,4541,0.0245,76.12,1092.07,0.0381,111,8449.2,77,34,14.18,5069.52,0.6,0.032587640772131055,-0.017699115044247815,-0.002854633289415931,9561.938571428573,0.024342857142857142
2023-05-29,5714,0.0232,74.92,1071.24,0.0316,132,9889.16,92,40,11.64,5933.5,0.6,0.17042560242389793,0.18918918918918926,0.25831314688394635,9564.65,0.02425714285714286
2023-05-30,5673,0.0238,80.94,1090.34,0.0287,135,10927.17,94,41,11.6,6556.3,0.6,0.10496442569439668,0.022727272727272707,-0.0071753587679384,9938.728571428572,0.02432857142857143
2023-05-31,5668,0.0265,87.63,1062.43,0.0285,150,13145.2,102,48,10.42,7887.12,0.6,0.20298302305171423,0.11111111111111116,-0.0008813678829543425,10379.515714285715,0.024528571428571427
2023-06-01,5691,0.026,72.35,1126.15,0.0222,147,10634.81,99,48,11.38,6380.89,0.6,-0.19097389161062606,-0.020000000000000018,0.0040578687367678334,10498.302857142857,0.024914285714285715
2023-06-02,5490,0.023,72.55,1086.78,0.0344,126,9141.65,86,40,12.64,5484.99,0.6,-0.14040307255136664,-0.1428571428571429,-0.035318924617817604,10052.820000000002,0.024557142857142857
2023-06-03,4876,0.0252,80.22,1137.79,0.0296,122,9786.94,87,35,13.08,5872.16,0.6,0.07058791356046235,-0.031746031746031744,-0.11183970856101999,10282.018571428573,0.0246
2023-06-04,4893,0.0265,78.41,1049.13,0.0291,129,10114.82,88,41,11.92,6068.89,0.6,0.03350178911896862,0.05737704918032782,0.0034864643150123165,10519.964285714286,0.024885714285714285
2023-06-05,5495,0.0217,84.23,1144.29,0.046,119,10023.79,82,37,13.95,6014.27,0.6,-0.00899966583686107,-0.07751937984496127,0.12303290414878387,10539.197142857143,0.024671428571428573
2023-06-06,6016,0.0261,77.92,1170.25,0.0315,156,12155.46,111,45,10.54,7293.28,0.6,0.21266107929236333,0.31092436974789917,0.09481346678798919,10714.667142857143,0.024999999999999998
2023-06-07,5741,0.0237,73.2,1029.71,0.0262,135,9882.48,93,42,11.07,5929.49,0.6,-0.18699251200695,-0.13461538461538458,-0.04571143617021278,10248.564285714285,0.0246
2023-06-08,5412,0.0261,77.95,1148.92,0.0279,141,10991.41,100,41,11.49,6594.85,0.6,0.11221171203989289,0.04444444444444451,-0.057307089357254815,10299.507142857143,0.024614285714285717
2023-06-09,5786,0.0235,80.54,1192.43,0.0357,135,10873.37,90,45,13.25,6524.02,0.6,-0.010739295504398338,-0.04255319148936165,0.06910569105691056,10546.895714285714,0.024685714285714287
2023-06-10,4664,0.0214,79.1,1071.39,0.0306,99,7831.14,69,30,15.53,4698.68,0.6,-0.279787223280363,-0.2666666666666667,-0.19391634980988592,10267.495714285715,0.024142857142857143
2023-06-11,5020,0.0217,77.54,1216.32,0.0228,109,8451.46,76,33,16.0,5070.88,0.6,0.07921196658468621,0.101010101010101,0.07632933104631223,10029.872857142856,0.02345714285714286
2023-06-12,5899,0.0251,80.33,1154.47,0.0346,148,11889.34,103,45,11.21,7133.6,0.6,0.40677942036050596,0.35779816513761475,0.17509960159362548,10296.380000000001,0.023942857142857148
2023-06-13,5507,0.0255,80.85,1099.09,0.0267,140,11318.51,93,47,11.82,6791.1,0.6,-0.04801191655718484,-0.05405405405405406,-0.06645194100695029,10176.815714285714,0.023857142857142858
2023-06-14,5868,0.0232,81.91,1132.38,0.0394,136,11139.87,98,38,11.55,6683.92,0.6,-0.01578299617175749,-0.02857142857142858,0.06555293263119677,10356.442857142858,0.02378571428571429
2023-06-15,5762,0.005,78.24,1163.91,0.0354,28,2190.82,19,9,61.26,1314.49,0.6,-0.8033352274308407,-0.7941176470588236,-0.01806407634628493,9099.215714285714,0.020771428571428573
2023-06-16,5848,0.0023,74.16,1140.61,0.0278,13,964.14,9,4,126.73,578.48,0.6,-0.5599182041427411,-0.5357142857142857,0.014925373134328401,7683.611428571429,0.01774285714285714
2023-06-17,5267,0.0038,75.73,1164.58,0.0364,20,1514.67,14,6,83.18,908.8,0.6,0.5710062853942375,0.5384615384615385,-0.09935020519835847,6781.258571428572,0.015228571428571428
2023-06-18,4843,0.0026,81.03,1092.43,0.0303,12,972.39,8,4,136.55,583.43,0.6,-0.35801857830418515,-0.4,-0.0805012340991077,5712.820000000001,0.012499999999999999
2023-06-19,5545,0.0237,70.92,1147.75,0.0343,131,9289.91,97,34,11.83,5573.94,0.6,8.553687306533387,9.916666666666666,0.14495147635762962,5341.472857142857,0.0123
2023-06-20,5522,0.0251,76.84,1069.42,0.0324,138,10604.38,93,45,11.5,6362.63,0.6,0.1414943740036232,0.05343511450381677,-0.004147880973850326,5239.454285714286,0.012242857142857142
2023-06-21,5541,0.0233,73.03,1135.37,0.0258,129,9421.3,88,41,12.9,5652.78,0.6,-0.11156522116333067,-0.06521739130434778,0.0034407823252444736,4993.944285714286,0.012257142857142857
2023-06-22,5693,0.0242,75.14,1096.56,0.0268,137,10294.69,96,41,11.42,6176.81,0.6,0.0927037669960622,0.0620155038759691,0.02743187150333881,6151.639999999999,0.015
2023-06-23,5781,0.027,81.39,1105.81,0.0351,156,12697.19,105,51,10.53,7618.32,0.6,0.23337273876143905,0.13868613138686126,0.01545757948357629,7827.79,0.01852857142857143
2023-06-24,4972,0.0238,75.96,1205.21,0.0283,118,8962.75,84,34,14.35,5377.65,0.6,-0.2941154696432833,-0.2435897435897436,-0.13994118664590904,8891.801428571429,0.021385714285714286
2023-06-25,5086,0.0267,75.23,1198.8,0.028,135,10156.34,96,39,12.49,6093.81,0.6,0.1331722964491926,0.14406779661016955,0.02292839903459365,10203.794285714286,0.02482857142857143
2023-06-26,5727,0.0227,68.2,1175.51,0.0252,130,8866.09,92,38,12.78,5319.66,0.6,-0.12703887424012983,-0.03703703703703709,0.1260322453794731,10143.248571428572,0.024685714285714287
2023-06-27,6020,0.0261,78.73,1091.26,0.0321,156,12282.08,109,47,10.01,7369.25,0.6,0.38528708822039937,0.19999999999999996,0.051161166404749325,10382.92,0.02482857142857143
2023-06-28,5680,0.0279,78.23,1130.88,0.0403,158,12359.93,114,44,9.92,7415.96,0.6,0.0063385029245861535,0.012820512820512775,-0.056478405315614655,10802.724285714286,0.02548571428571429
2023-06-29,6281,0.0201,85.82,1208.18,0.0247,125,10727.03,84,41,14.38,6436.22,0.6,-0.13211239869481461,-0.2088607594936709,0.10580985915492969,10864.487142857144,0.0249
2023-06-30,5866,0.0234,73.46,1155.44,0.0301,137,10064.17,96,41,12.04,6038.5,0.6,-0.061793432105624824,0.09600000000000009,-0.06607228148384015,10488.341428571428,0.024385714285714285
2023-07-01,4774,0.0262,76.1,1265.14,0.0371,124,9435.87,84,40,15.06,5661.52,0.6,-0.06242939060051644,-0.0948905109489051,-0.18615751789976132,10555.930000000002,0.02472857142857143
2023-07-02,4735,0.0246,76.25,1169.67,0.0296,116,8844.64,83,33,14.09,5306.79,0.6,-0.06265770935801374,-0.06451612903225812,-0.008169250104734016,10368.544285714286,0.02442857142857143
2023-07-03,5850,0.0257,82.89,1160.43,0.0323,150,12433.09,99,51,11.72,7459.85,0.6,0.405720300656669,0.2931034482758621,0.23548046462513206,10878.115714285714,0.02485714285714286
2023-07-04,5713,0.0238,74.52,1136.19,0.0247,135,10060.68,94,41,12.09,6036.41,0.6,-0.19081419019728807,-0.09999999999999998,-0.023418803418803424,10560.772857142858,0.024528571428571427
2023-07-05,5905,0.0252,76.4,1159.15,0.0321,148,11306.48,104,44,11.15,6783.89,0.6,0.12382860800661577,0.09629629629629632,0.033607561701382904,10410.28,0.02414285714285714
2023-07-06,5861,0.0247,78.04,1145.67,0.0291,144,11237.69,98,46,11.69,6742.61,0.6,-0.006084121671819931,-0.027027027027026973,-0.007451312447078751,10483.231428571427,0.0248
2023-07-07,5756,0.0273,75.93,1189.53,0.0349,157,11921.49,107,50,11.12,7152.89,0.6,0.060848804336122386,0.09027777777777768,-0.01791503156457941,10748.562857142857,0.02535714285714286
2023-07-08,4805,0.0255,72.77,1202.78,0.0359,122,8877.68,85,37,14.15,5326.61,0.6,-0.255321272760368,-0.22292993630573243,-0.16521890201528844,10668.82142857143,0.02525714285714286
2023-07-09,4675,0.0257,75.97,1116.47,0.0429,120,9116.45,86,34,12.98,5469.87,0.6,0.026895540276288488,-0.016393442622950838,-0.027055150884495283,10707.651428571427,0.025414285714285716
2023-07-10,5693,0.0242,80.37,1090.03,0.0329,137,11010.44,93,44,11.72,6606.26,0.6,0.2077552117326371,0.1416666666666666,0.21775401069518718,10504.415714285715,0.0252
2023-07-11,5958,0.024,69.87,1065.61,0.0316,143,9991.04,97,46,10.99,5994.62,0.6,-0.09258485582774167,0.04379562043795615,0.046548392763042346,10494.467142857144,0.02522857142857143
2023-07-12,5834,0.0241,75.66,1183.64,0.031,140,10593.08,101,39,11.72,6355.85,0.6,0.06025799116007935,-0.020979020979020935,-0.020812353138637163,10392.552857142859,0.025071428571428574
2023-07-13,5546,0.0258,71.5,1103.9,0.0282,143,10224.41,99,44,11.15,6134.65,0.6,-0.03480290906893935,0.021428571428571352,-0.04936578676722658,10247.798571428571,0.02522857142857143
2023-07-14,5834,0.0242,80.98,1052.25,0.0317,140,11336.53,95,45,11.08,6801.92,0.6,0.10877106845284978,-0.020979020979020935,0.05192931842769566,10164.232857142857,0.024785714285714282
2023-07-15,5080,0.0256,67.38,1180.14,0.0285,129,8692.54,92,37,12.83,5215.53,0.6,-0.2332274514335515,-0.07857142857142863,-0.12924237230030855,10137.784285714286,0.0248
2023-07-16,4830,0.0292,72.21,1286.19,0.0308,140,10108.75,96,44,13.4,6065.25,0.6,0.16292245994841537,0.0852713178294573,-0.049212598425196874,10279.54142857143,0.0253
2023-07-17,5842,0.0267,76.89,1162.06,0.0366,156,11994.23,112,44,10.38,7196.54,0.6,0.18651959935699258,0.11428571428571432,0.20952380952380945,10420.082857142857,0.025657142857142858
2023-07-18,5827,0.0243,82.83,1205.11,0.025,141,11678.69,96,45,12.55,7007.22,0.6,-0.02630764959484677,-0.09615384615384615,-0.002567613830879889,10661.175714285715,0.0257
2023-07-19,5591,0.0274,74.67,1168.1,0.0357,153,11424.7,106,47,11.02,6854.82,0.6,-0.02174815839790245,0.0851063829787233,-0.04050111549682511,10779.978571428572,0.02617142857142857
2023-07-20,5895,0.0242,72.22,1159.89,0.0366,142,10255.81,102,40,11.37,6153.49,0.6,-0.10231253337067947,-0.07189542483660127,0.05437309962439629,10784.464285714286,0.025942857142857146
2023-07-21,5940,0.0209,84.41,1211.61,0.0294,124,10466.32,86,38,14.09,6279.79,0.6,0.020525926279835627,-0.12676056338028174,0.007633587786259444,10660.148571428572,0.025471428571428572
2023-07-22,5249,0.023,67.76,1151.97,0.0194,120,8131.19,85,35,13.55,4878.71,0.6,-0.22310898195354245,-0.032258064516129004,-0.11632996632996628,10579.955714285712,0.0251
2023-07-23,5247,0.0213,64.01,1180.68,0.027,111,7104.66,77,34,15.33,4262.8,0.6,-0.1262459738365479,-0.07499999999999996,-0.0003810249571346569,10150.800000000001,0.023971428571428567
2023-07-24,5565,0.0243,77.2,1184.22,0.0365,135,10422.01,99,36,11.96,6253.21,0.6,0.46692593311995223,0.21621621621621623,0.06060606060606055,9926.197142857143,0.023628571428571426
2023-07-25,5657,0.025,72.49,1135.55,0.0299,141,10221.05,103,38,11.02,6132.63,0.6,-0.019282268967310667,0.04444444444444451,0.01653189577717873,9717.962857142858,0.02372857142857143
2023-07-26,5951,0.0284,69.89,1219.38,0.025,168,11742.16,113,55,10.79,7045.3,0.6,0.14882130505182944,0.1914893617021276,0.051971009368923404,9763.314285714285,0.02387142857142857
2023-07-27,5955,0.0257,78.54,1161.86,0.0275,152,11938.35,107,45,10.86,7163.01,0.6,0.016708169536099104,-0.09523809523809523,0.0006721559401781096,10003.677142857143,0.024085714285714287
2023-07-28,5960,0.0246,76.22,1133.64,0.0342,146,11127.97,99,47,11.45,6676.78,0.6,-0.06788040223313951,-0.03947368421052633,0.0008396305625524292,10098.198571428571,0.02461428571428571
2023-07-29,5831,0.0267,72.18,1199.08,0.0327,155,11187.84,109,46,11.0,6712.7,0.6,0.0053801367185570825,0.06164383561643838,-0.021644295302013394,10534.862857142856,0.02514285714285714
2023-07-30,5179,0.0206,68.6,1128.15,0.0288,106,7271.44,74,32,15.25,4362.86,0.6,-0.35005863508952584,-0.31612903225806455,-0.111816155033442,10558.68857142857,0.025042857142857144
2023-07-31,6096,0.0255,79.36,1175.31,0.0282,155,12301.15,105,50,11.19,7380.69,0.6,0.691707557237631,0.46226415094339623,0.1770612087275536,10827.137142857142,0.025214285714285713
2023-08-01,6064,0.0265,78.25,1174.27,0.028,160,12520.16,115,45,10.21,7512.1,0.6,0.017804026452811428,0.032258064516129004,-0.005249343832021025,11155.581428571428,0.02542857142857143
2023-08-02,6008,0.022,74.5,1229.84,0.0254,132,9834.54,92,40,13.37,5900.73,0.6,-0.21450364851567383,-0.17500000000000004,-0.00923482849604218,10883.064285714287,0.024514285714285714
2023-08-03,5818,0.0273,84.23,1200.11,0.0381,158,13308.84,109,49,11.01,7985.31,0.6,0.3532752929979439,0.19696969696969702,-0.03162450066577893,11078.848571428573,0.024742857142857143
2023-08-04,6037,0.0257,69.65,1175.95,0.0284,155,10795.68,107,48,10.99,6477.41,0.6,-0.18883388785198407,-0.01898734177215189,0.03764180130629091,11031.378571428571,0.024900000000000002
2023-08-05,4935,0.0242,67.37,1218.91,0.0361,119,8017.31,83,36,14.69,4810.39,0.6,-0.25735942525158206,-0.23225806451612907,-0.18254099718403183,10578.445714285715,0.024542857142857144
2023-08-06,5046,0.0263,71.54,1248.36,0.0376,132,9443.34,93,39,13.42,5666.0,0.6,0.1778688861974902,0.10924369747899165,0.022492401215805424,10888.717142857144,0.025357142857142856
2023-08-07,5801,0.0295,74.77,1207.56,0.035,171,12786.02,119,52,10.15,7671.61,0.6,0.35397221745695906,0.2954545454545454,0.14962346413000405,10957.984285714285,0.02592857142857143
2023-08-08,5918,0.0254,76.22,1181.01,0.0278,150,11432.5,96,54,12.3,6859.5,0.6,-0.10585936827879205,-0.1228070175438597,0.020168936390277503,10802.604285714286,0.025771428571428574
2023-08-09,6369,0.0255,73.79,1115.73,0.032,162,11954.6,113,49,9.87,7172.76,0.6,0.04566805160726006,0.08000000000000007,0.07620817843866168,11105.470000000001,0.026271428571428567
2023-08-10,5537,0.0241,76.76,1128.89,0.0299,133,10209.12,89,44,12.68,6125.47,0.6,-0.14600906763923505,-0.17901234567901236,-0.1306327523944104,10662.652857142859,0.025814285714285713
2023-08-11,6052,0.0233,68.74,1167.71,0.0255,141,9692.66,98,43,11.92,5815.6,0.6,-0.05058810161894467,0.06015037593984962,0.09301065558966948,10505.078571428572,0.02547142857142857
2023-08-12,4796,0.0267,82.22,1153.32,0.0316,127,10441.79,85,42,13.57,6265.07,0.6,0.07728838110487746,-0.099290780141844,-0.20753469927296764,10851.432857142858,0.025828571428571426
2023-08-13,5028,0.0233,74.59,1175.27,0.0241,117,8726.94,78,39,15.07,5236.16,0.6,-0.164229504711357,-0.07874015748031493,0.04837364470392003,10749.09,0.025400000000000002
2023-08-14,6144,0.0251,80.59,1188.27,0.0359,154,12410.32,111,43,10.71,7446.19,0.6,0.42207004975398,0.3162393162393162,0.22195704057279242,10695.418571428572,0.024771428571428573
2023-08-15,5944,0.024,76.71,1212.75,0.0277,142,10893.33,98,44,12.37,6536.0,0.6,-0.12223617118656083,-0.07792207792207795,-0.03255208333333337,10618.394285714287,0.024571428571428574
2023-08-16,5719,0.026,77.28,1183.56,0.031,148,11438.0,102,46,11.6,6862.8,0.6,0.05000032129752796,0.04225352112676051,-0.037853297442799416,10544.594285714285,0.024642857142857143
2023-08-17,5796,0.0257,77.85,1212.24,0.0314,148,11521.63,105,43,11.55,6912.98,0.6,0.0073115929358278375,0.0,0.01346389228886169,10732.095714285713,0.024871428571428572
2023-08-18,6079,0.0271,77.24,1191.96,0.0287,164,12667.12,113,51,10.55,7600.27,0.6,0.09942082847652656,0.10810810810810811,0.04882677708764671,11157.018571428573,0.025414285714285716
2023-08-19,5001,0.024,78.21,1090.79,0.0329,119,9307.42,88,31,12.4,5584.45,0.6,-0.26522998124277664,-0.27439024390243905,-0.17733179799309096,10994.965714285714,0.02502857142857143
2023-08-20,5195,0.0245,81.65,1143.42,0.0276,127,10369.01,88,39,12.99,6221.41,0.6,0.11405846088389704,0.0672268907563025,0.0387922415516897,11229.547142857144,0.0252
2023-08-21,5965,0.023,75.98,1184.0,0.0344,137,10409.62,96,41,12.33,6245.77,0.6,0.003916478043709093,0.07874015748031504,0.1482194417709335,10943.732857142857,0.0249
2023-08-22,5829,0.0241,78.55,1131.55,0.0233,140,10996.3,100,40,11.32,6597.78,0.6,0.05635940601097822,0.021897810218978186,-0.022799664710813072,10958.442857142856,0.024914285714285715
2023-08-23,6393,0.0258,74.55,1222.85,0.0306,164,12226.42,120,44,10.19,7335.85,0.6,0.11186671880541654,0.17142857142857149,0.09675759135357698,11071.074285714285,0.024885714285714285
2023-08-24,6095,0.0265,82.2,1270.22,0.0397,161,13234.29,110,51,11.55,7940.58,0.6,0.08243377865311352,-0.018292682926829285,-0.046613483497575436,11315.740000000002,0.024999999999999998
2023-08-25,5567,0.0232,71.62,1255.44,0.025,128,9167.11,88,40,14.27,5500.27,0.6,-0.3073213598916149,-0.20496894409937894,-0.08662838392124694,10815.738571428572,0.024442857142857145
2023-08-26,5213,0.0267,84.0,1184.66,0.0266,139,11676.65,100,39,11.85,7005.99,0.6,0.27375476022432355,0.0859375,-0.06358900664630862,11154.199999999999,0.024828571428571426
2023-08-27,5048,0.0277,74.8,1270.69,0.0326,139,10397.09,99,40,12.84,6238.25,0.6,-0.10958279986126152,0.0,-0.03165164013044308,11158.21142857143,0.025285714285714283
2023-08-28,6155,0.0258,67.85,1204.41,0.0309,158,10719.69,113,45,10.66,6431.81,0.6,0.031027912617857423,0.13669064748201443,0.21929477020602217,11202.507142857141,0.025685714285714287
2023-08-29,5830,0.0288,75.64,1180.95,0.0318,167,12631.97,112,55,10.54,7579.18,0.6,0.17838948700941892,0.05696202531645578,-0.052802599512591364,11436.174285714285,0.026357142857142857
2023-08-30,5970,0.0235,71.59,1167.96,0.0324,140,10023.26,102,38,11.45,6013.96,0.6,-0.20651648159392388,-0.16167664670658688,0.02401372212692965,11121.437142857143,0.02602857142857143
2023-08-31,6098,0.0225,79.2,1184.33,0.0332,137,10850.84,93,44,12.73,6510.5,0.6,0.08256595159658642,-0.021428571428571463,0.021440536013400235,10780.944285714286,0.025457142857142855
2023-09-01,6174,0.0214,71.74,1180.87,0.0355,132,9469.27,92,40,12.84,5681.56,0.6,-0.1273237832278422,-0.03649635036496346,0.01246310265660866,10824.11,0.0252
2023-09-02,4965,0.028,72.77,1209.62,0.032,138,10042.13,96,42,12.6,6025.28,0.6,0.06049674367717883,0.045454545454545414,-0.19582118561710393,10590.607142857143,0.025385714285714286
2023-09-03,5142,0.0263,65.55,1209.95,0.0288,135,8849.56,92,43,13.15,5309.74,0.6,-0.11875667811510104,-0.021739130434782594,0.03564954682779464,10369.531428571428,0.025185714285714287
2023-09-04,5918,0.0249,72.74,1202.9,0.0334,147,10692.55,98,49,12.27,6415.53,0.6,0.20825781168781266,0.0888888888888888,0.1509140412290937,10365.654285714287,0.025057142857142858
2023-09-05,5887,0.0256,62.88,3070.72,0.0395,150,9432.09,99,51,31.02,5659.25,0.6,-0.11788207677308027,0.020408163265306145,-0.005238256167624189,9908.528571428571,0.0246
2023-09-06,6375,0.0227,67.08,3426.53,0.0293,145,9726.67,101,44,33.93,5836.0,0.6,0.031231678238863303,-0.033333333333333326,0.08289451333446585,9866.158571428572,0.024485714285714284
2023-09-07,6107,0.0299,78.8,3316.54,0.0251,182,14341.98,121,61,27.41,8605.19,0.6,0.4745005227894026,0.2551724137931035,-0.042039215686274556,10364.892857142857,0.025542857142857145
2023-09-08,5778,0.0253,78.93,3104.53,0.0355,145,11444.71,98,47,31.68,6866.82,0.6,-0.20201325061114295,-0.20329670329670335,-0.053872605207139324,10647.098571428569,0.0261
2023-09-09,5417,0.0252,77.13,3009.38,0.0294,136,10489.31,94,42,32.01,6293.59,0.6,-0.08347961634676626,-0.06206896551724139,-0.06247836621668401,10710.981428571427,0.0257
2023-09-10,5662,0.0265,70.17,1254.41,0.0191,149,10454.6,96,53,13.07,6272.76,0.6,-0.0033090832476110332,0.09558823529411775,0.04522798597009414,10940.272857142858,0.025728571428571427
2023-09-11,6249,0.026,74.76,1140.17,0.0342,162,12111.35,115,47,9.91,7266.81,0.6,0.1584709123256749,0.08724832214765099,0.10367361356411164,11142.95857142857,0.025885714285714286
2023-09-12,5742,0.0254,74.98,1198.1,0.0273,146,10947.37,95,51,12.61,6568.42,0.6,-0.0961065446874213,-0.09876543209876543,-0.0811329812770043,11359.427142857143,0.025857142857142856
2023-09-13,5953,0.0234,69.21,1151.66,0.0295,139,9619.94,97,42,11.87,5771.96,0.6,-0.12125560751121045,-0.047945205479452024,0.0367467781260884,11344.180000000002,0.025957142857142856
2023-09-14,6308,0.0259,82.52,1120.89,0.0317,163,13450.27,114,49,9.83,8070.16,0.6,0.39816568502506255,0.17266187050359716,0.059633798084999246,11216.792857142858,0.025385714285714286
2023-09-15,5917,0.0288,79.39,1238.89,0.031,170,13495.76,120,50,10.32,8097.45,0.6,0.0033820882406077057,0.042944785276073594,-0.061984781230183916,11509.800000000001,0.025885714285714286
2023-09-16,5351,0.0277,73.9,1250.6,0.0335,148,10936.49,103,45,12.14,6561.89,0.6,-0.1896351150287202,-0.12941176470588234,-0.0956565827277337,11573.68285714286,0.026242857142857144
2023-09-17,5422,0.0282,75.13,1184.64,0.0278,152,11420.43,112,40,10.58,6852.26,0.6,0.044250029031252414,0.027027027027026973,0.013268547934965458,11711.658571428572,0.026485714285714286
2023-09-18,5886,0.024,76.04,1084.73,0.0326,141,10721.91,99,42,10.96,6433.15,0.6,-0.06116407175561689,-0.07236842105263153,0.08557727775728519,11513.167142857143,0.0262
2023-09-19,6063,0.023,64.79,1187.8,0.0287,139,9005.99,100,39,11.88,5403.6,0.6,-0.1600386498301143,-0.014184397163120588,0.030071355759429208,11235.827142857144,0.025857142857142856
2023-09-20,5431,0.0247,73.76,1235.52,0.0337,134,9884.39,91,43,13.58,5930.63,0.6,0.09753508498232843,-0.03597122302158273,-0.10423882566386278,11273.605714285715,0.026042857142857142
2023-09-21,5878,0.0251,71.59,1142.81,0.0331,147,10523.74,103,44,11.1,6314.24,0.6,0.06468279782566255,0.09701492537313428,0.08230528447799679,10855.529999999999,0.02592857142857143
2023-09-22,6037,0.0272,69.99,1226.75,0.0253,164,11478.67,119,45,10.31,6887.2,0.6,0.09074055421361615,0.11564625850340127,0.027050017012589356,10567.374285714284,0.0257
2023-09-23,5042,0.0216,73.59,1217.64,0.0354,108,7948.21,75,33,16.24,4768.92,0.6,-0.3075669916462447,-0.3414634146341463,-0.16481696206725194,10140.477142857142,0.02482857142857143
2023-09-24,5622,0.0281,83.99,1248.2,0.0273,157,13186.18,110,47,11.35,7911.71,0.6,0.6590125323815048,0.4537037037037037,0.11503371677905583,10392.727142857142,0.024814285714285712
2023-09-25,5814,0.0247,78.2,1226.03,0.034,143,11183.2,102,41,12.02,6709.92,0.6,-0.15189994372896465,-0.08917197452229297,0.03415154749199578,10458.625714285716,0.024914285714285715
2023-09-26,6016,0.0241,72.14,1172.23,0.0318,145,10460.9,99,46,11.84,6276.54,0.6,-0.06458795335860945,0.013986013986013957,0.03474372205022358,10666.470000000001,0.025071428571428574
2023-09-27,6134,0.023,77.86,1281.53,0.0392,140,10900.81,91,49,14.08,6540.48,0.6,0.042052787045091744,-0.03448275862068961,0.019614361702127603,10811.672857142858,0.02482857142857143
2023-09-28,6400,0.0217,82.0,1214.6,0.0289,138,11315.56,97,41,12.52,6789.33,0.6,0.03804763132280997,-0.014285714285714235,0.04336485164656012,10924.789999999999,0.024342857142857142
2023-09-29,5829,0.0266,79.62,1221.99,0.0283,155,12341.59,111,44,11.01,7404.95,0.6,0.09067425739424295,0.12318840579710155,-0.08921875000000001,11048.064285714285,0.02425714285714286
2023-09-30,5553,0.0251,75.3,1177.51,0.0299,139,10466.44,93,46,12.66,6279.87,0.6,-0.151937473210502,-0.10322580645161294,-0.04734945959855896,11407.81142857143,0.024757142857142856
2023-10-01,5327,0.0224,71.77,1202.84,0.0285,119,8540.07,84,35,14.32,5124.04,0.6,-0.1840520750130895,-0.14388489208633093,-0.04069872141184949,10744.08142857143,0.023942857142857144
2023-10-02,5932,0.0224,78.49,1181.58,0.034,132,10360.83,94,38,12.57,6216.5,0.6,0.21320199951522656,0.10924369747899165,0.11357236718603336,10626.6,0.023614285714285716
2023-10-03,6225,0.0243,76.97,1218.0,0.0219,151,11622.08,98,53,12.43,6973.25,0.6,0.12173252528996237,0.14393939393939403,0.049393122049898874,10792.482857142857,0.02364285714285714
2023-10-04,6177,0.0283,79.48,1313.06,0.0247,175,13908.29,119,56,11.03,8344.98,0.6,0.19671263663647132,0.1589403973509933,-0.007710843373493925,11222.122857142856,0.0244
2023-10-05,6021,0.0245,78.18,1159.7,0.0247,147,11491.85,101,46,11.48,6895.11,0.6,-0.17374098469330168,-0.16000000000000003,-0.025254978144730433,11247.307142857144,0.0248
2023-10-06,6159,0.022,80.25,1148.44,0.0348,135,10833.45,94,41,12.22,6500.07,0.6,-0.05729277705504332,-0.08163265306122447,0.02291978076731449,11031.858571428571,0.024142857142857143
2023-10-07,5272,0.0245,72.32,1303.5,0.0386,129,9329.77,88,41,14.81,5597.86,0.6,-0.138799736002843,-0.0444444444444444,-0.1440168858580938,10869.477142857144,0.024057142857142857
2023-10-08,5376,0.0245,81.59,1220.3,0.0295,131,10687.89,89,42,13.71,6412.74,0.6,0.14556843309106204,0.015503875968992276,0.019726858877086473,11176.308571428572,0.024357142857142855
2023-10-09,6290,0.0196,75.99,1198.14,0.0292,123,9346.52,90,33,13.31,5607.91,0.6,-0.12550372430853973,-0.06106870229007633,0.17001488095238093,11031.407142857144,0.023957142857142854
2023-10-10,6479,0.0249,85.38,1284.41,0.0304,161,13745.59,112,49,11.47,8247.35,0.6,0.4706639476511043,0.3089430894308942,0.030047694753577048,11334.765714285715,0.024042857142857144
2023-10-11,5918,0.0245,71.55,1202.96,0.0358,145,10375.34,99,46,12.15,6225.2,0.6,-0.24518772930081578,-0.0993788819875776,-0.08658743633276744,10830.058571428572,0.0235
2023-10-12,6596,0.0264,83.68,1325.37,0.0254,174,14560.29,121,53,10.95,8736.17,0.6,0.40335545630311875,0.19999999999999996,0.11456573166610351,11268.407142857144,0.023771428571428572
2023-10-13,5784,0.0287,75.99,1268.79,0.0312,165,12538.28,117,48,10.84,7522.97,0.6,-0.13887154720132633,-0.051724137931034475,-0.12310491206791996,11511.954285714286,0.02472857142857143
2023-10-14,5348,0.0273,71.74,1211.32,0.0349,145,10402.72,101,44,11.99,6241.63,0.6,-0.17032320222550468,-0.12121212121212122,-0.07538035961272471,11665.232857142857,0.025128571428571427
2023-10-15,5500,0.0245,72.58,1344.4,0.0325,134,9725.8,93,41,14.46,5835.48,0.6,-0.0650714428534076,-0.07586206896551728,0.02842183994016456,11527.791428571427,0.025128571428571427
2023-10-16,6243,0.0228,73.4,1207.08,0.0309,142,10422.55,97,45,12.44,6253.53,0.6,0.07163935100454455,0.05970149253731338,0.13509090909090915,11681.509999999998,0.025585714285714288
2023-10-17,6066,0.0301,77.12,1275.29,0.035,182,14035.99,124,58,10.28,8421.59,0.6,0.3466944269876375,0.2816901408450705,-0.02835175396444012,11722.995714285715,0.026328571428571427
2023-10-18,6153,0.0251,77.61,1253.98,0.0165,154,11952.58,105,49,11.94,7171.55,0.6,-0.14843342008650617,-0.15384615384615385,0.014342235410484738,11948.315714285714,0.026414285714285717
2023-10-19,6100,0.025,72.13,1304.92,0.0334,152,10963.99,107,45,12.2,6578.39,0.6,-0.08270933974087602,-0.012987012987012991,-0.008613684381602482,11434.55857142857,0.026214285714285714
2023-10-20,6085,0.025,74.88,1318.73,0.0267,151,11306.61,102,49,12.93,6783.97,0.6,0.031249572464039144,-0.006578947368421018,-0.0024590163934425924,11258.605714285713,0.025685714285714287
2023-10-21,5577,0.0254,85.71,1243.08,0.0208,141,12085.3,99,42,12.56,7251.18,0.6,0.06887033337136406,-0.06622516556291391,-0.08348397699260479,11498.974285714285,0.025414285714285716
2023-10-22,5482,0.0247,83.64,1204.64,0.0326,135,11291.09,98,37,12.29,6774.65,0.6,-0.06571702812507751,-0.04255319148936165,-0.01703424780347862,11722.587142857143,0.02544285714285714
2023-10-23,6077,0.0239,77.18,1266.13,0.0369,144,11114.15,101,43,12.54,6668.49,0.6,-0.01567076340725304,0.06666666666666665,0.10853703028091943,11821.387142857144,0.0256
2023-10-24,6399,0.0239,75.19,1210.07,0.0293,152,11428.88,105,47,11.52,6857.33,0.6,0.028317955039296683,0.05555555555555558,0.05298667105479682,11448.942857142856,0.024714285714285716
2023-10-25,6285,0.0249,75.6,1345.45,0.0348,156,11793.62,105,51,12.81,7076.17,0.6,0.031913888325015405,0.026315789473684292,-0.017815283638068502,11426.234285714285,0.024685714285714287
2023-10-26,6390,0.0239,78.07,1252.43,0.0381,152,11866.27,111,41,11.28,7119.76,0.6,0.006160110296923316,-0.02564102564102566,0.01670644391408116,11555.131428571429,0.02452857142857143
2023-10-27,6358,0.0236,69.89,1228.16,0.0366,149,10413.02,100,49,12.28,6247.81,0.6,-0.12246898140696272,-0.019736842105263164,-0.005007824726134591,11427.475714285714,0.024328571428571425
2023-10-28,5270,0.0252,73.71,1256.49,0.0382,132,9730.13,94,38,13.37,5838.08,0.6,-0.06558039838586704,-0.11409395973154357,-0.17112299465240643,11091.022857142858,0.0243
2023-10-29,5328,0.0245,66.66,1180.72,0.0337,130,8665.42,92,38,12.83,5199.25,0.6,-0.10942402619492231,-0.015151515151515138,0.011005692599620476,10715.927142857143,0.024271428571428572
2023-10-30,6393,0.028,77.0,1200.32,0.0304,179,13782.3,124,55,9.68,8269.38,0.6,0.5904941710846097,0.3769230769230769,0.19988738738738743,11097.091428571428,0.02485714285714286
2023-10-31,6370,0.0197,78.24,1309.75,0.022,125,9779.5,86,39,15.23,5867.7,0.6,-0.290430479673204,-0.3016759776536313,-0.0035976849679336675,10861.465714285714,0.02425714285714286
2023-11-01,6248,0.0272,72.58,1217.7,0.0288,169,12266.71,112,57,10.87,7360.02,0.6,0.25432895342297646,0.3520000000000001,-0.019152276295133386,10929.050000000001,0.024585714285714287
2023-11-02,6280,0.0275,82.87,1199.03,0.0258,172,14253.63,121,51,9.91,8552.18,0.6,0.1619766017130917,0.01775147928994092,0.005121638924455718,11270.101428571428,0.0251
2023-11-03,6516,0.0209,68.87,1279.03,0.0409,135,9297.61,96,39,13.32,5578.56,0.6,-0.34770230460591434,-0.2151162790697675,0.03757961783439501,11110.757142857141,0.024714285714285716
2023-11-04,5346,0.0243,67.68,1312.31,0.0291,130,8798.16,88,42,14.91,5278.89,0.6,-0.053718106050909986,-0.03703703703703709,-0.1795580110497238,10977.618571428571,0.024585714285714287
2023-11-05,5578,0.0243,76.12,1289.79,0.0306,135,10276.5,94,41,13.72,6165.9,0.6,0.16802831501132065,0.03846153846153855,0.0433969322858212,11207.772857142858,0.024557142857142857
2023-11-06,6232,0.0222,80.24,1304.47,0.0328,138,11072.5,96,42,13.59,6643.5,0.6,0.07745827859679855,0.022222222222222143,0.11724632484761566,10820.658571428572,0.023728571428571425
2023-11-07,6233,0.0234,83.42,1217.65,0.0302,146,12179.27,103,43,11.82,7307.56,0.6,0.09995664935651383,0.05797101449275366,0.00016046213093701134,11163.482857142857,0.024257142857142856
2023-11-08,6501,0.0228,72.71,1185.23,0.0385,148,10760.43,103,45,11.51,6456.26,0.6,-0.11649630889207652,0.013698630136986356,0.04299695170864748,10948.3,0.023628571428571426
2023-11-09,6450,0.0285,80.39,1332.21,0.0269,183,14711.99,122,61,10.92,8827.2,0.6,0.36723067758444583,0.2364864864864864,-0.007844946931241381,11013.78,0.023771428571428572
2023-11-10,6452,0.0269,74.81,1241.83,0.031,173,12941.69,119,54,10.44,7765.01,0.6,-0.12033042436815133,-0.05464480874316935,0.00031007751937983663,11534.362857142858,0.024628571428571427
2023-11-11,5755,0.0275,74.14,1246.25,0.0263,158,11713.62,111,47,11.23,7028.17,0.6,-0.09489255267279617,-0.08670520231213874,-0.1080285182889027,11950.857142857143,0.025085714285714288
2023-11-12,5502,0.0264,79.42,1326.03,0.0234,145,11515.65,103,42,12.87,6909.39,0.6,-0.016900838511066718,-0.08227848101265822,-0.043961772371850616,12127.878571428571,0.02538571428571429
2023-11-13,6438,0.0227,78.26,1288.25,0.0269,146,11426.2,100,46,12.88,6855.72,0.6,-0.007767690056575072,0.006896551724137945,0.1701199563794984,12178.407142857144,0.025457142857142862
2023-11-14,6244,0.024,67.12,1284.06,0.0298,149,10000.59,110,39,11.67,6000.35,0.6,-0.12476676410355148,0.020547945205479534,-0.03013358185771975,11867.167142857143,0.025542857142857145
2023-11-15,6375,0.026,82.38,1370.34,0.0279,165,13593.15,109,56,12.57,8155.89,0.6,0.3592348051464962,0.10738255033557054,0.020980140935297875,12271.841428571428,0.026
2023-11-16,6288,0.0226,81.9,1230.74,0.0265,141,11547.96,97,44,12.69,6928.78,0.6,-0.15045739949901238,-0.1454545454545455,-0.013647058823529457,11819.837142857143,0.025157142857142857
2023-11-17,6338,0.0264,71.87,1310.13,0.023,167,12002.66,116,51,11.29,7201.59,0.6,0.03937491989927233,0.18439716312056742,0.00795165394402031,11685.69,0.025085714285714284
2023-11-18,5641,0.0245,76.98,1267.41,0.0296,138,10623.1,96,42,13.2,6373.86,0.6,-0.1149378554420436,-0.17365269461077848,-0.10997159987377725,11529.901428571427,0.024657142857142857
2023-11-19,5363,0.0243,77.47,1278.81,0.0225,130,10071.12,87,43,14.7,6042.67,0.6,-0.05196035055680537,-0.05797101449275366,-0.04928204219110088,11323.540000000003,0.024357142857142855
2023-11-20,6749,0.0264,76.3,1342.63,0.1029,178,13582.0,126,52,10.66,8149.2,0.6,0.3486086949614342,0.36923076923076925,0.25843744173037475,11631.511428571428,0.024885714285714285
2023-11-21,6133,0.0259,72.25,1292.42,0.095,158,11415.26,111,47,11.64,6849.16,0.6,-0.15953026063908116,-0.1123595505617978,-0.09127278115276338,11833.607142857143,0.025157142857142857
2023-11-22,6096,0.0243,71.64,1294.77,0.0808,148,10603.0,103,45,12.57,6361.8,0.6,-0.0711556285183167,-0.06329113924050633,-0.006032936572639813,11406.442857142858,0.024914285714285715
2023-11-23,6575,0.0273,74.87,1322.31,0.0951,179,13402.13,126,53,10.49,8041.28,0.6,0.26399415259832115,0.20945945945945943,0.0785761154855642,11671.324285714287,0.025585714285714285
2023-11-24,6505,0.0228,80.86,1251.26,0.0979,148,11967.82,102,46,12.27,7180.69,0.6,-0.10702104814682434,-0.17318435754189943,-0.010646387832699666,11666.347142857141,0.025071428571428574
2023-11-25,5676,0.0262,77.72,1228.37,0.1154,148,11502.26,98,50,12.53,6901.36,0.6,-0.038900986144510874,0.0,-0.12744043043812447,11791.941428571428,0.025314285714285713
2023-11-26,5681,0.0262,73.15,1218.91,0.0367,148,10825.75,101,47,12.07,6495.45,0.6,-0.058815398017433074,0.0,0.0008809020436928439,11899.745714285715,0.025585714285714288
2023-11-27,6357,0.0244,78.86,1173.66,0.0206,155,12223.07,108,47,10.87,7333.84,0.6,0.12907373623074614,0.04729729729729737,0.11899313501144171,11705.612857142856,0.0253
2023-11-28,6184,0.0257,60.76,1375.61,0.0306,158,9599.65,111,47,12.39,5759.79,0.6,-0.21462856712757106,0.019354838709677358,-0.02721409469875724,11446.24,0.025271428571428573
2023-11-29,6383,0.0225,80.74,1218.47,0.0292,143,11546.37,100,43,12.18,6927.82,0.6,0.202790726745246,-0.09493670886075944,0.03217981888745158,11581.007142857143,0.025014285714285715
2023-11-30,6236,0.0268,66.3,1263.39,0.0334,167,11072.34,118,49,10.71,6643.4,0.6,-0.0410544612722441,0.16783216783216792,-0.02302992323358921,11248.179999999998,0.024942857142857145
2023-12-01,6571,0.0246,73.19,1261.43,0.0311,161,11783.24,110,51,11.47,7069.94,0.6,0.06420503705630431,-0.0359281437125748,0.05372033354714567,11221.81142857143,0.0252
2023-12-02,5551,0.024,69.4,1291.47,0.0262,132,9161.02,92,40,14.04,5496.61,0.6,-0.22253811345606123,-0.18012422360248448,-0.15522751483792419,10887.348571428573,0.024885714285714285
2023-12-03,5419,0.0271,68.53,1317.71,0.0284,146,10004.88,103,43,12.79,6002.93,0.6,0.09211419689073908,0.10606060606060597,-0.023779499189335307,10770.08142857143,0.025014285714285715
2023-12-04,6324,0.0236,80.8,1320.77,0.026,149,12039.82,104,45,12.7,7223.89,0.6,0.20339474336523788,0.020547945205479534,0.16700498246909024,10743.902857142859,0.0249
2023-12-05,6475,0.0222,72.66,1249.42,0.0354,143,10390.59,96,47,13.01,6234.36,0.6,-0.1369812837733454,-0.04026845637583898,0.023877292852624965,10856.894285714287,0.0244
2023-12-06,6284,0.0219,76.73,1271.04,0.0301,137,10512.36,93,44,13.67,6307.41,0.6,0.01171925752050651,-0.04195804195804198,-0.029498069498069546,10709.17857142857,0.024314285714285712
2023-12-07,6236,0.0262,74.77,1294.35,0.0395,163,12186.76,116,47,11.16,7312.06,0.6,0.15927917232667066,0.1897810218978102,-0.007638446849140723,10868.381428571429,0.02422857142857143
2023-12-08,6453,0.0224,77.39,1268.61,0.0297,144,11143.47,104,40,12.2,6686.08,0.6,-0.08560848002258192,-0.1165644171779141,0.034797947402180895,10776.985714285713,0.023914285714285714
2023-12-09,5658,0.0285,75.38,1362.24,0.0265,161,12136.84,116,45,11.74,7282.1,0.6,0.08914368684081353,0.11805555555555558,-0.12319851231985124,11202.102857142858,0.024557142857142857
2023-12-10,5512,0.0208,68.59,1307.24,0.0224,114,7818.69,80,34,16.34,4691.22,0.6,-0.3557886566849362,-0.2919254658385093,-0.025804171085189065,10889.789999999999,0.023657142857142856
2023-12-11,6323,0.0284,79.98,1320.26,0.021,179,14316.66,120,59,11.0,8590.0,0.6,0.83108167736539,0.5701754385964912,0.14713352685050807,11215.052857142857,0.024342857142857145
2023-12-12,6468,0.0254,72.53,1317.48,0.0221,164,11895.12,114,50,11.56,7137.07,0.6,-0.16914140588656845,-0.08379888268156421,0.0229321524592756,11429.985714285716,0.024799999999999996
2023-12-13,6136,0.0248,67.22,1343.84,0.0313,152,10217.0,111,41,12.11,6130.2,0.6,-0.14107634054973806,-0.07317073170731703,-0.05132962275819419,11387.79142857143,0.025214285714285717
2023-12-14,6148,0.0239,72.86,1295.04,0.0325,147,10710.34,104,43,12.45,6426.2,0.6,0.048286189683860226,-0.03289473684210531,0.001955671447196883,11176.874285714284,0.02488571428571429
2023-12-15,6290,0.0258,82.5,1221.97,0.0221,162,13365.62,112,50,10.91,8019.37,0.6,0.2479174330600149,0.1020408163265305,0.023096942094990247,11494.324285714285,0.025371428571428573
2023-12-16,5595,0.0249,79.25,1307.62,0.0345,139,11015.9,99,40,13.21,6609.54,0.6,-0.1758032923276287,-0.14197530864197527,-0.11049284578696339,11334.19,0.02485714285714286
2023-12-17,5704,0.0272,73.26,1255.89,0.0276,155,11354.79,104,51,12.08,6812.88,0.6,0.03076371426755875,0.1151079136690647,0.019481680071492313,11839.347142857141,0.025771428571428574
2023-12-18,6741,0.0252,73.25,1262.85,0.0307,170,12453.13,116,54,10.89,7471.88,0.6,0.09672922176455923,0.09677419354838701,0.1818022440392706,11573.128571428573,0.025314285714285713
2023-12-19,6622,0.0253,73.39,1319.43,0.0381,167,12256.43,113,54,11.68,7353.86,0.6,-0.01579522577857928,-0.01764705882352946,-0.017653167185877505,11624.744285714285,0.0253
2023-12-20,6422,0.0243,85.38,1352.85,0.0345,155,13234.48,109,46,12.41,7940.69,0.6,0.07979893003101224,-0.07185628742514971,-0.030202355783751078,12055.812857142857,0.025228571428571427
2023-12-21,6454,0.0249,76.91,1292.82,0.0287,160,12305.55,114,46,11.34,7383.33,0.6,-0.07019013969570398,0.032258064516129004,0.004982871379632492,12283.699999999999,0.02537142857142857
2023-12-22,6262,0.0256,77.15,1308.02,0.0255,160,12344.03,111,49,11.78,7406.42,0.6,0.0031270443011488513,0.0,-0.029748992872637103,12137.75857142857,0.025342857142857143
2023-12-23,5663,0.0216,80.15,1378.52,0.0192,122,9778.47,83,39,16.61,5867.08,0.6,-0.20783812093781373,-0.23750000000000004,-0.09565633982753119,11960.982857142855,0.02487142857142857
2023-12-24,5613,0.0223,76.19,1306.27,0.0264,125,9524.24,87,38,15.01,5714.55,0.6,-0.025998954846719324,0.024590163934426146,-0.008829242450997699,11699.475714285714,0.02417142857142857
2023-12-25,6539,0.0265,73.7,1425.14,0.0289,173,12750.93,119,54,11.98,7650.56,0.6,0.3387871368214157,0.3839999999999999,0.16497416711206125,11742.01857142857,0.024357142857142855
2023-12-26,6313,0.0253,74.02,1324.15,0.0251,160,11842.92,109,51,12.15,7105.75,0.6,-0.07121127635396007,-0.07514450867052025,-0.03456185961156144,11682.945714285714,0.024357142857142855
2023-12-27,6587,0.0246,74.64,1208.67,0.0293,162,12092.0,114,48,10.6,7255.2,0.6,0.021031975222326915,0.012499999999999956,0.043402502772057705,11519.734285714283,0.0244
2023-12-28,6794,0.025,74.81,1335.19,0.0304,170,12718.36,116,54,11.51,7631.02,0.6,0.05179953688389016,0.04938271604938271,0.031425535144982586,11578.707142857145,0.024414285714285715
2023-12-29,6470,0.0257,78.64,1317.41,0.0289,166,13053.93,110,56,11.98,7832.36,0.6,0.026384691107973035,-0.02352941176470591,-0.04768913747424197,11680.121428571429,0.024428571428571428
2023-12-30,5776,0.0239,75.26,1363.66,0.0267,138,10385.84,92,46,14.82,6231.51,0.6,-0.20438978912863792,-0.1686746987951807,-0.10726429675425042,11766.888571428572,0.024757142857142856
2023-12-31,5838,0.0234,78.66,1333.66,0.0308,136,10698.2,90,46,14.82,6418.92,0.6,0.03007556442232895,-0.01449275362318836,0.010734072022160701,11934.597142857141,0.024914285714285715
